b'Fei Tao, Carlos Busso'	b'End-to-End Audiovisual Speech Recognition System With Multitask Learning.'	2021	https://doi.org/10.1109/TMM.2020.2975922
b'Hadi Hadizadeh, Ivan V. Bajic'	b'Soft Video Multicasting Using Adaptive Compressed Sensing.'	2021	https://doi.org/10.1109/TMM.2020.2975420
b'Angeliki V. Katsenou, Goce Dimitrov, Di Ma, David R. Bull'	b'BVI-SynTex: A Synthetic Video Texture Dataset for Video Compression and Quality Assessment.'	2021	https://doi.org/10.1109/TMM.2020.2976591
b'Chuanmin Jia, Falei Luo, Xinfeng Zhang, Shiqi Wang, Shanshe Wang, Siwei Ma'	b'Fast Non-Local Adaptive In-Loop Filter Optimization on GPU.'	2021	https://doi.org/10.1109/TMM.2020.2981185
b'Wenguang He, Zhanchuan Cai, Yaomin Wang'	b'High-Fidelity Reversible Image Watermarking Based on Effective Prediction Error-Pairs Modification.'	2021	https://doi.org/10.1109/TMM.2020.2982042
b'Kai Liu, Lei Gao, Naimul Mefraz Khan, Lin Qi, Ling Guan'	b'A Multi-Stream Graph Convolutional Networks-Hidden Conditional Random Field Model for Skeleton-Based Action Recognition.'	2021	https://doi.org/10.1109/TMM.2020.2974323
b'Andr\xc3\xa9 F. R. Guarda, Nuno M. M. Rodrigues, Fernando Pereira'	b'Constant Size Point Cloud Clustering: A Compact, Non-Overlapping Solution.'	2021	https://doi.org/10.1109/TMM.2020.2974325
b'Ji Zhang, Kuizhi Mei, Yu Zheng, Jianping Fan'	b'Integrating Part of Speech Guidance for Image Captioning.'	2021	https://doi.org/10.1109/TMM.2020.2976552
b'Meihui Li, Lingbing Peng, Tianfu Wu, Zhenming Peng'	b'A Bottom-Up and Top-Down Integration Framework for Online Object Tracking.'	2021	https://doi.org/10.1109/TMM.2020.2978623
b'Shengjing Tian, Xiuping Liu, Meng Liu, Shuhua Li, Baocai Yin'	b'Siamese Tracking Network With Informative Enhanced Loss.'	2021	https://doi.org/10.1109/TMM.2020.2978636
b'Huijing Zhan, Chenyu Yi, Boxin Shi, Jie Lin, Ling-Yu Duan, Alex C. Kot'	b'Pose-Normalized and Appearance-Preserved Street-to-Shop Clothing Image Generation and Feature Learning.'	2021	https://doi.org/10.1109/TMM.2020.2978669
b'Weipeng Hu, Haifeng Hu'	b'Adversarial Disentanglement Spectrum Variations and Cross-Modality Attention Networks for NIR-VIS Face Recognition.'	2021	https://doi.org/10.1109/TMM.2020.2980201
b'Qian Bao, Wu Liu, Yuhao Cheng, Boyan Zhou, Tao Mei'	b'Pose-Guided Tracking-by-Detection: Robust Multi-Person Pose Tracking.'	2021	https://doi.org/10.1109/TMM.2020.2980194
b'Yifei Huang, Sheng Qiu, Changbo Wang, Chenhui Li'	b'Learning Representations for High-Dynamic-Range Image Color Transfer in a Self-Supervised Way.'	2021	https://doi.org/10.1109/TMM.2020.2981994
b'Qing Zhang, Yongwei Nie, Lei Zhu, Chunxia Xiao, Wei-Shi Zheng'	b'Enhancing Underexposed Photos Using Perceptually Bidirectional Similarity.'	2021	https://doi.org/10.1109/TMM.2020.2982045
b'Nanjun Li, Faliang Chang, Chunsheng Liu'	b'Spatial-Temporal Cascade Autoencoder for Video Anomaly Detection in Crowded Scenes.'	2021	https://doi.org/10.1109/TMM.2020.2984093
b'Boyue Wang, Yongli Hu, Junbin Gao, Yanfeng Sun, Fujiao Ju, Baocai Yin'	b'Learning Adaptive Neighborhood Graph on Grassmann Manifolds for Video/Image-Set Subspace Clustering.'	2021	https://doi.org/10.1109/TMM.2020.2975394
b'Rui Wang, Xiao-Jun Wu, Josef Kittler'	b'Graph Embedding Multi-Kernel Metric Learning for Image Set Classification With Grassmannian Manifold-Valued Features.'	2021	https://doi.org/10.1109/TMM.2020.2981189
b'Luca Rossetto, Ralph Gasser, Jakub Lokoc, Werner Bailer, Klaus Schoeffmann, Bernd M\xc3\xbcnzer, Tom\xc3\xa1s Soucek, Phuong Anh Nguyen, Paolo Bolettieri, Andreas Leibetseder, Stefanos Vrochidis'	b'Interactive Video Retrieval in the Age of Deep Learning - Detailed Evaluation of VBS 2019.'	2021	https://doi.org/10.1109/TMM.2020.2980944
b'Ke Li, Yuxia Wu, Yao Xue, Xueming Qian'	b'Viewpoint Recommendation Based on Object-Oriented 3D Scene Reconstruction.'	2021	https://doi.org/10.1109/TMM.2020.2981237
b'Haoran An, Hai-Miao Hu, Yuanfang Guo, Qianli Zhou, Bo Li'	b'Hierarchical Reasoning Network for Pedestrian Attribute Recognition.'	2021	https://doi.org/10.1109/TMM.2020.2975417
b'Shizhou Zhang, Qi Zhang, Yifei Yang, Xing Wei, Peng Wang, Bingliang Jiao, Yanning Zhang'	b'Person Re-Identification in Aerial Imagery.'	2021	https://doi.org/10.1109/TMM.2020.2977528
b'Li Liu, Gang Feng, Denis Beautemps, Xiao-Ping Zhang'	b'Re-Synchronization Using the Hand Preceding Model for Multi-Modal Fusion in Automatic Continuous Cued Speech Recognition.'	2021	https://doi.org/10.1109/TMM.2020.2976493
b'Zhuo Li, Hai-Miao Hu, Wei Zhang, Shiliang Pu, Bo Li'	b'Spectrum Characteristics Preserved Visible and Near-Infrared Image Fusion Algorithm.'	2021	https://doi.org/10.1109/TMM.2020.2978640
b'Leida Li, Yu Zhou, Jinjian Wu, Fu Li, Guangming Shi'	b'Quality Index for View Synthesis by Measuring Instance Degradation and Global Appearance.'	2021	https://doi.org/10.1109/TMM.2020.2980185
b'Conor Keighrey, Ronan Flynn, Siobhan Murray, Niall Murray'	b'A Physiology-Based QoE Comparison of Interactive Augmented Reality, Virtual Reality and Tablet-Based Applications.'	2021	https://doi.org/10.1109/TMM.2020.2982046
b'Yi Xu, Xianglong Liu, Binshuai Wang, Renshuai Tao, Ke Xia, Xianbin Cao'	b'Fast Nearest Subspace Search via Random Angular Hashing.'	2021	https://doi.org/10.1109/TMM.2020.2977459
b'Yan Wu, Xianglong Liu, Haotong Qin, Ke Xia, Sheng Hu, Yuqing Ma, Meng Wang'	b'Boosting Temporal Binary Coding for Large-Scale Video Search.'	2021	https://doi.org/10.1109/TMM.2020.2978593
b'Shintami Chusnul Hidayati, Ting Wei Goh, Ji-Sheng Gary Chan, Cheng-Chun Hsu, John See, Lai-Kuan Wong, Kai-Lung Hua, Yu Tsao, Wen-Huang Cheng'	b'Dress With Style: Learning Style From Joint Deep Embedding of Clothing Styles and Body Shapes.'	2021	https://doi.org/10.1109/TMM.2020.2980195
b'Xueming Qian, Yuxia Wu, Mingdi Li, Yayun Ren, Shuhui Jiang, Zhetao Li'	b'LAST: Location-Appearance-Semantic-Temporal Clustering Based POI Summarization.'	2021	https://doi.org/10.1109/TMM.2020.2977478
b'Hajar Emami, Majid Moradi Aliabadi, Ming Dong, Ratna Babu Chinnam'	b'SPA-GAN: Spatial Attention GAN for Image-to-Image Translation.'	2021	https://doi.org/10.1109/TMM.2020.2975961
b'Diego Valsesia, Giulia Fracastoro, Enrico Magli'	b'Learning Localized Representations of Point Clouds With Graph-Convolutional Generative Adversarial Networks.'	2021	https://doi.org/10.1109/TMM.2020.2976627
b'Inwoong Lee, Doyoung Kim, Sanghoon Lee'	b'3-D Human Behavior Understanding Using Generalized TS-LSTM Networks.'	2021	https://doi.org/10.1109/TMM.2020.2978637
b'Qiang Wang, Huijie Fan, Gan Sun, Weihong Ren, Yandong Tang'	b'Recurrent Generative Adversarial Network for Face Completion.'	2021	https://doi.org/10.1109/TMM.2020.2978633
b'Xiaoheng Jiang, Li Zhang, Tianzhu Zhang, Pei Lv, Bing Zhou, Yanwei Pang, Mingliang Xu, Changsheng Xu'	b'Density-Aware Multi-Task Learning for Crowd Counting.'	2021	https://doi.org/10.1109/TMM.2020.2980945
b'Sheng Zhang, Yuliang Liu, Lianwen Jin, Zhongrong Wei, Chunhua Shen'	b'OPMP: An Omnidirectional Pyramid Mask Proposal Network for Arbitrary-Shape Scene Text Detection.'	2021	https://doi.org/10.1109/TMM.2020.2978630
b'Mengyan Li, Zhaoyu Zhang, Jun Yu, Chang Wen Chen'	b'Learning Face Image Super-Resolution Through Facial Semantic Attribute Transformation and Self-Attentive Structure Enhancement.'	2021	https://doi.org/10.1109/TMM.2020.2984092
b'Xusong Chen, Dong Liu, Zhiwei Xiong, Zheng-Jun Zha'	b'Learning and Fusing Multiple User Interest Representations for Micro-Video and Movie Recommendations.'	2021	https://doi.org/10.1109/TMM.2020.2978618
b'Guofei Sun, Yongkang Wong, Zhiyong Cheng, Mohan S. Kankanhalli, Weidong Geng, Xiangdong Li'	b'DeepDance: Music-to-Dance Motion Choreography With Adversarial Learning.'	2021	https://doi.org/10.1109/TMM.2020.2981989
b'Yuqi Gao, Jitao Sang, Chengpeng Fu, Zhengjia Wang, Tongwei Ren, Changsheng Xu'	b'Metadata Connector: Exploiting Hashtag and Tag for Cross-OSN Event Search.'	2021	https://doi.org/10.1109/TMM.2020.2982047
b'Jingcai Guo, Song Guo'	b'A Novel Perspective to Zero-Shot Learning: Towards an Alignment of Manifold Structures via Semantic Feature Expansion.'	2021	https://doi.org/10.1109/TMM.2020.2984091
b'Guangyu Li, Lina Qiu, Chenguang Yu, Houwei Cao, Yong Liu, Can Yang'	b'IPTV Channel Zapping Recommendation With Attention Mechanism.'	2021	https://doi.org/10.1109/TMM.2020.2984094
b'Qiubin Lin, Wenming Cao, Zhiquan He, Zhihai He'	b'Mask Cross-Modal Hashing Networks.'	2021	https://doi.org/10.1109/TMM.2020.2984081
b'Yiling Wu, Shuhui Wang, Guoli Song, Qingming Huang'	b'Augmented Adversarial Training for Cross-Modal Retrieval.'	2021	https://doi.org/10.1109/TMM.2020.2985540
b'Hao Yang, Li Liu, Weidong Min, Xiaosong Yang, Xin Xiong'	b'Driver Yawning Detection Based on Subtle Facial Action Recognition.'	2021	https://doi.org/10.1109/TMM.2020.2985536
b'Hao Chen, Ming Lu, Zhan Ma, Xu Zhang, Yiling Xu, Qiu Shen, Wenjun Zhang'	b'Learned Resolution Scaling Powered Gaming-as-a-Service at Scale.'	2021	https://doi.org/10.1109/TMM.2020.2985538
b'Qiaokang Xie, Wengang Zhou, Guo-Jun Qi, Qi Tian, Houqiang Li'	b'Progressive Unsupervised Person Re-Identification by Tracklet Association With Spatio-Temporal Regularization.'	2021	https://doi.org/10.1109/TMM.2020.2985525
b'Xiaodan Zhang, Xinbo Gao, Wen Lu, Lihuo He, Jie Li'	b'Beyond Vision: A Multimodal Recurrent Attention Convolutional Neural Network for Unified Image Aesthetic Prediction Tasks.'	2021	https://doi.org/10.1109/TMM.2020.2985526
b'Chang Tang, Xinwang Liu, Shan An, Pichao Wang'	b'BR$^2$Net: Defocus Blur Detection Via a Bidirectional Channel Attention Residual Refining Network.'	2021	https://doi.org/10.1109/TMM.2020.2985541
b'Pauline Puteaux, William Puech'	b'A Recursive Reversible Data Hiding in Encrypted Images Method With a Very High Payload.'	2021	https://doi.org/10.1109/TMM.2020.2985537
b'Laizhong Cui, Dongyuan Su, Shu Yang, Zhi Wang, Zhong Ming'	b'TCLiVi: Transmission Control in Live Video Streaming Based on Deep Reinforcement Learning.'	2021	https://doi.org/10.1109/TMM.2020.2985631
b'Xiao Lin, Lizhuang Ma, Bin Sheng, Zhi-Jie Wang, Wansheng Chen'	b'Utilizing Two-Phase Processing With FBLS for Single Image Deraining.'	2021	https://doi.org/10.1109/TMM.2020.2987703
b'Bogdan Ionescu, Maia Rohm, Bogdan Boteanu, Alexandru-Lucian G\xc3\xaensca, Mihai Lupu, Henning M\xc3\xbcller'	b'Benchmarking Image Retrieval Diversification Techniques for Social Media.'	2021	https://doi.org/10.1109/TMM.2020.2986579
b'Xuejin Wang, Qiuping Jiang, Feng Shao, Ke Gu, Guangtao Zhai, Xiaokang Yang'	b'Exploiting Local Degradation Characteristics and Global Statistical Properties for Blind Quality Assessment of Tone-Mapped HDR Images.'	2021	https://doi.org/10.1109/TMM.2020.2986583
b'Ohini Kafui Toffa, Max Mignotte'	b'A Hierarchical Visual Feature-Based Approach For Image Sonification.'	2021	https://doi.org/10.1109/TMM.2020.2987710
b'Xueshi Hou, Sujit Dey, Jianzhong Zhang, Madhukar Budagavi'	b'Predictive Adaptive Streaming to Enable Mobile 360-Degree and VR Experiences.'	2021	https://doi.org/10.1109/TMM.2020.2987693
b'Shaohui Mei, Mingyang Ma, Shuai Wan, Junhui Hou, Zhiyong Wang, David Dagan Feng'	b'Patch Based Video Summarization With Block Sparse Representation.'	2021	https://doi.org/10.1109/TMM.2020.2987683
b'Minglang Qiao, Mai Xu, Zulin Wang, Ali Borji'	b'Viewport-Dependent Saliency Prediction in 360\xc2\xb0 Video.'	2021	https://doi.org/10.1109/TMM.2020.2987682
b'Yijun Cao, Chuan Lin, Yong-Jie Li'	b'Learning Crisp Boundaries Using Deep Refinement Network and Adaptive Weighting Loss.'	2021	https://doi.org/10.1109/TMM.2020.2987685
b'Yifan Zuo, Yuming Fang, Ping An, Xiwu Shang, Junnan Yang'	b'Frequency-Dependent Depth Map Enhancement via Iterative Depth-Guided Affine Transformation and Intensity-Guided Refinement.'	2021	https://doi.org/10.1109/TMM.2020.2987706
b'Yuan Gao, Maoguo Gong, Yu Xie, Alex Kai Qin'	b'An Attention-Based Unsupervised Adversarial Model for Movie Review Spam Detection.'	2021	https://doi.org/10.1109/TMM.2020.2990085
b'Jiachen Yang, Tianlin Liu, Bin Jiang, Wen Lu, Qinggang Meng'	b'Panoramic Video Quality Assessment Based on Non-Local Spherical CNN.'	2021	https://doi.org/10.1109/TMM.2020.2990075
b'Yiming Li, Changhong Fu, Ziyuan Huang, Yinqiang Zhang, Jia Pan'	b'Intermittent Contextual Learning for Keyfilter-Aware UAV Object Tracking Using Deep Convolutional Feature.'	2021	https://doi.org/10.1109/TMM.2020.2990064
b'Longyu Yang, Hanli Wang, Pengjie Tang, Qinyu Li'	b'CaptionNet: A Tailor-made Recurrent Neural Network for Generating Image Descriptions.'	2021	https://doi.org/10.1109/TMM.2020.2990074
b'Jiajun Deng, Yingwei Pan, Ting Yao, Wengang Zhou, Houqiang Li, Tao Mei'	b'Single Shot Video Object Detector.'	2021	https://doi.org/10.1109/TMM.2020.2990070
b'Shiquan Zhang, Xu Zhao, Liangji Fang'	b'CAT: Corner Aided Tracking With Deep Regression Network.'	2021	https://doi.org/10.1109/TMM.2020.2990089
b'Zhengguang Zhou, Wengang Zhou, Xutao Lv, Xuan Huang, Xiaoyu Wang, Houqiang Li'	b'Progressive Learning of Low-Precision Networks for Image Classification.'	2021	https://doi.org/10.1109/TMM.2020.2990087
b'Jianyu Yang, Wu Liu, Junsong Yuan, Tao Mei'	b'Hierarchical Soft Quantization for Skeleton-Based Human Action Recognition.'	2021	https://doi.org/10.1109/TMM.2020.2990082
b'Shaobo Min, Xuejin Chen, Hongtao Xie, Zheng-Jun Zha, Yongdong Zhang'	b'A Mutually Attentive Co-Training Framework for Semi-Supervised Recognition.'	2021	https://doi.org/10.1109/TMM.2020.2990063
b'Philipp Schulz, Henrik Klessig, Meryem Simsek, Gerhard P. Fettweis'	b'Modeling QoE for Buffered Video Streaming in Interference-Limited Cellular Networks.'	2021	https://doi.org/10.1109/TMM.2020.2990078
b'Pengcheng Gao, Ke Lu, Jian Xue, Ling Shao, Jiayi Lyu'	b'A Coarse-to-Fine Facial Landmark Detection Method Based on Self-attention Mechanism.'	2021	https://doi.org/10.1109/TMM.2020.2991507
b'Lingchen Gu, Ju Liu, Xiaoxi Liu, Jiande Sun'	b'Deep Loss Driven Multi-Scale Hashing Based on Pyramid Connected Network.'	2021	https://doi.org/10.1109/TMM.2020.2991513
b'Yuming Fang, Jiebin Yan, Rengang Du, Yifan Zuo, Wenying Wen, Yan Zeng, Leida Li'	b'Blind Quality Assessment for Tone-Mapped Images by Analysis of Gradient and Chromatic Statistics.'	2021	https://doi.org/10.1109/TMM.2020.2991528
b'Di Liu, Kao Zhang, Zhenzhong Chen'	b'Attentive Cross-Modal Fusion Network for RGB-D Saliency Detection.'	2021	https://doi.org/10.1109/TMM.2020.2991523
b'Hong Zhong, Fei Wu, Yan Xu, Jie Cui'	b'QoS-Aware Multicast for Scalable Video Streaming in Software-Defined Networks.'	2021	https://doi.org/10.1109/TMM.2020.2991539
b'Hengcan Shi, Hongliang Li, Qingbo Wu, King Ngi Ngan'	b'Query Reconstruction Network for Referring Expression Image Segmentation.'	2021	https://doi.org/10.1109/TMM.2020.2991504
b'Weiling Chen, Ke Gu, Tiesong Zhao, Gangyi Jiang, Patrick Le Callet'	b'Semi-Reference Sonar Image Quality Assessment Based on Task and Visual Perception.'	2021	https://doi.org/10.1109/TMM.2020.2991546
b'Weizhi Nie, Wen-Wu Jia, Wenhui Li, An-An Liu, Sicheng Zhao'	b'3D Pose Estimation Based on Reinforce Learning for 2D Image-Based 3D Model Retrieval.'	2021	https://doi.org/10.1109/TMM.2020.2991532
b'Lei Zhou, Chen Gong, Zhi Liu, Keren Fu'	b'SAL: Selection and Attention Losses for Weakly Supervised Semantic Segmentation.'	2021	https://doi.org/10.1109/TMM.2020.2991592
b'Jia-Li Yin, Bo-Hao Chen, Yan-Tsung Peng, Chung-Chi Tsai'	b'Deep Battery Saver: End-to-End Learning for Power Constrained Contrast Enhancement.'	2021	https://doi.org/10.1109/TMM.2020.2992962
b'Lei Liu, Jie Jiang, Wenjing Jia, Saeed Amirgholipour, Yi Wang, Michelle Zeibots, Xiangjian He'	b'DENet: A Universal Network for Counting Crowd With Varying Densities and Scales.'	2021	https://doi.org/10.1109/TMM.2020.2992979
b'Yumo Zhang, Zhanchuan Cai, Gangqiang Xiong'	b'A New Image Compression Algorithm Based on Non-Uniform Partition and U-System.'	2021	https://doi.org/10.1109/TMM.2020.2992940
b'Erik Quintanilla, Yogesh S. Rawat, Andrey Sakryukin, Mubarak Shah, Mohan S. Kankanhalli'	b'Adversarial Learning for Personalized Tag Recommendation.'	2021	https://doi.org/10.1109/TMM.2020.2992941
b'Gebremariam Mesfin, Est\xc3\xaav\xc3\xa3o Bissoli Saleme, Oluwakemi Adewunmi Ademoye, Elahe Kani-Zabihi, Celso A. S. Santos, Gheorghita Ghinea'	b'Less is (Just as Good as) More - an Investigation of Odor Intensity and Hedonic Valence in Mulsemedia QoE using Heart Rate and Eye Tracking.'	2021	https://doi.org/10.1109/TMM.2020.2992948
b'Mingliang Zhou, Xuekai Wei, Sam Kwong, Weijia Jia, Bin Fang'	b'Rate Control Method Based on Deep Reinforcement Learning for Dynamic Video Sequences in HEVC.'	2021	https://doi.org/10.1109/TMM.2020.2992968
b'Huiyu Mo, Leibo Liu, Wenping Zhu, Qiang Li, Shouyi Yin, Shaojun Wei'	b'A 460 GOPS/W Improved Mnemonic Descent Method-Based Hardwired Accelerator for Face Alignment.'	2021	https://doi.org/10.1109/TMM.2020.2993943
b'Reza Ghazalian, Ali Aghagolzadeh, Seyed Mehdi Hosseini Andargoli'	b'Energy Optimization and QoE Satisfaction for Wireless Visual Sensor Networks in Multi Target Tracking Scenario.'	2021	https://doi.org/10.1109/TMM.2020.2990077
b'Ya Lu, Thomai Stathopoulou, Maria F. Vasiloglou, Stergios Christodoulidis, Zeno Stanga, Stavroula G. Mougiakakou'	b'An Artificial Intelligence-Based System to Assess Nutrient Intake for Hospitalised Patients.'	2021	https://doi.org/10.1109/TMM.2020.2993948
b'Jinjian Wu, Chuanwei Ma, Leida Li, Weisheng Dong, Guangming Shi'	b'Probabilistic Undirected Graph Based Denoising Method for Dynamic Vision Sensor.'	2021	https://doi.org/10.1109/TMM.2020.2993957
b'Xiaoguang Tu, Jian Zhao, Mei Xie, Zihang Jiang, Akshaya Balamurugan, Yao Luo, Yang Zhao, Lingxiao He, Zheng Ma, Jiashi Feng'	b'3D Face Reconstruction From A Single Image Assisted by 2D Face Images in the Wild.'	2021	https://doi.org/10.1109/TMM.2020.2993962
b'Xuejin Wang, Feng Shao, Qiuping Jiang, Xiangchao Meng, Yo-Sung Ho'	b'Measuring Coarse-to-Fine Texture and Geometric Distortions for Quality Assessment of DIBR-Synthesized Images.'	2021	https://doi.org/10.1109/TMM.2020.2993942
b'Xiangtao Zheng, Lei Qi, Yutao Ren, Xiaoqiang Lu'	b'Fine-Grained Visual Categorization by Localizing Object Parts With Single Image.'	2021	https://doi.org/10.1109/TMM.2020.2993960
b'Yaohui Zhu, Weiqing Min, Shuqiang Jiang'	b'Attribute-Guided Feature Learning for Few-Shot Image Recognition.'	2021	https://doi.org/10.1109/TMM.2020.2993952
b'Ruotao Xu, Yong Xu, Yuhui Quan'	b'Factorized Tensor Dictionary Learning for Visual Tensor Data Completion.'	2021	https://doi.org/10.1109/TMM.2020.2994512
b'Min Cao, Chen Chen, Hao Dou, Xiyuan Hu, Silong Peng, Arjan Kuijper'	b'Progressive Bilateral-Context Driven Model for Post-Processing Person Re-Identification.'	2021	https://doi.org/10.1109/TMM.2020.2994524
b'Xin Fan, Shichao Cheng, Kang Huyan, Minjun Hou, Risheng Liu, Zhongxuan Luo'	b'Dual Neural Networks Coupling Data Regression With Explicit Priors for Monocular 3D Face Reconstruction.'	2021	https://doi.org/10.1109/TMM.2020.2994506
b'Huasong Zhong, Jingyuan Chen, Chen Shen, Hanwang Zhang, Jianqiang Huang, Xian-Sheng Hua'	b'Self-Adaptive Neural Module Transformer for Visual Question Answering.'	2021	https://doi.org/10.1109/TMM.2020.2995278
b'Zijian Wang, Zheng Zhang, Yandan Luo, Zi Huang, Heng Tao Shen'	b'Deep Collaborative Discrete Hashing With Semantic-Invariant Structure Construction.'	2021	https://doi.org/10.1109/TMM.2020.2995267
b'Le Wang, Xin Lv, Qilin Zhang, Zhenxing Niu, Nanning Zheng, Gang Hua'	b'Object Cosegmentation in Noisy Videos With Multilevel Hypergraph.'	2021	https://doi.org/10.1109/TMM.2020.2995266
b'Ting Lan, Zhanchuan Cai'	b'A Novel Image Representation Method Under a Non-Standard Positional Numeral System.'	2021	https://doi.org/10.1109/TMM.2020.2995258
b'Yuxin Wang, Hongtao Xie, Zhengjun Zha, Youliang Tian, Zilong Fu, Yongdong Zhang'	b'R-Net: A Relationship Network for Efficient and Accurate Scene Text Detection.'	2021	https://doi.org/10.1109/TMM.2020.2995290
b'Aouaidjia Kamel, Bin Sheng, Ping Li, Jinman Kim, David Dagan Feng'	b'Hybrid Refinement-Correction Heatmaps for Human Pose Estimation.'	2021	https://doi.org/10.1109/TMM.2020.2999181
b'Bo Jiang, Zitai Zhou, Xiao Wang, Jin Tang, Bin Luo'	b'cmSalGAN: RGB-D Salient Object Detection With Cross-View Generative Adversarial Networks.'	2021	https://doi.org/10.1109/TMM.2020.2997184
b'Yang Li, Zhiqun Zhao, Hao Sun, Yigang Cen, Zhihai He'	b'Snowball: Iterative Model Evolution and Confident Sample Discovery for Semi-Supervised Learning on Very Small Labeled Datasets.'	2021	https://doi.org/10.1109/TMM.2020.2997185
b'Thanh Tuan Nguyen, Thanh Phuong Nguyen, Fr\xc3\xa9d\xc3\xa9ric Bouchara'	b'Prominent Local Representation for Dynamic Textures Based on High-Order Gaussian-Gradients.'	2021	https://doi.org/10.1109/TMM.2020.2997202
b'Jing Li, Hongtao Huo, Chang Li, Renhua Wang, Qi Feng'	b'AttentionFGAN: Infrared and Visible Image Fusion Using Attention-Based Generative Adversarial Networks.'	2021	https://doi.org/10.1109/TMM.2020.2997127
b'Junxia Li, Zefeng Pan, Qingshan Liu, Ziyang Wang'	b'Stacked U-Shape Network With Channel-Wise Attention for Salient Object Detection.'	2021	https://doi.org/10.1109/TMM.2020.2997192
b'Fangbing Zhang, Tao Yang, Linfeng Liu, Bang Liang, Yi Bai, Jing Li'	b'Image-Only Real-Time Incremental UAV Image Mosaic for Multi-Strip Flight.'	2021	https://doi.org/10.1109/TMM.2020.2997193
b'Xunxiang Yao, Qiang Wu, Peng Zhang, Fangxun Bao'	b'Weighted Adaptive Image Super-Resolution Scheme Based on Local Fractal Feature and Image Roughness.'	2021	https://doi.org/10.1109/TMM.2020.2997126
b'Qinghua Ren, Shijian Lu, Jinxia Zhang, Renjie Hu'	b'Salient Object Detection by Fusing Local and Global Contexts.'	2021	https://doi.org/10.1109/TMM.2020.2997178
b'Jianmin Jiang, Ahmed Fares, Sheng-Hua Zhong'	b'A Brain-Media Deep Framework Towards Seeing Imaginations Inside Brains.'	2021	https://doi.org/10.1109/TMM.2020.2999183
b'Yaomin Wang, Zhanchuan Cai, Wenguang He'	b'High Capacity Reversible Data Hiding in Encrypted Image Based on Intra-Block Lossless Compression.'	2021	https://doi.org/10.1109/TMM.2020.2999187
b'Pingyu Wang, Zhicheng Zhao, Fei Su, Yanyun Zhao, Haiying Wang, Lei Yang, Yang Li'	b'Deep Multi-Patch Matching Network for Visible Thermal Person Re-Identification.'	2021	https://doi.org/10.1109/TMM.2020.2999180
b'Chunwei Tian, Yong Xu, Wangmeng Zuo, Bob Zhang, Lunke Fei, Chia-Wen Lin'	b'Coarse-to-Fine CNN for Image Super-Resolution.'	2021	https://doi.org/10.1109/TMM.2020.2999182
b'Haisheng Su, Xu Zhao, Tianwei Lin, Shuming Liu, Zhilan Hu'	b'Transferable Knowledge-Based Multi-Granularity Fusion Network for Weakly Supervised Temporal Action Detection.'	2021	https://doi.org/10.1109/TMM.2020.2999184
b'Ziqing Huang, Shiguang Liu'	b'Perceptual Image Hashing With Texture and Invariant Vector Distance for Copy Detection.'	2021	https://doi.org/10.1109/TMM.2020.2999188
b'Junquan Liu, Weizhan Zhang, Shouqin Huang, Haipeng Du, Qinghua Zheng'	b'QoE-driven HAS Live Video Channel Placement in the Media Cloud.'	2021	https://doi.org/10.1109/TMM.2020.2999176
b'Zongyi Xu, Wei Chang, Yindi Zhu, Le Dong, Huiyu Zhou, Qianni Zhang'	b'Building High-Fidelity Human Body Models From User-Generated Data.'	2021	https://doi.org/10.1109/TMM.2020.3001540
b'Chao Yang, Xinfeng Zhang, Ping An, Liquan Shen, C.-C. Jay Kuo'	b'Blind Image Quality Assessment Based on Multi-scale KLT.'	2021	https://doi.org/10.1109/TMM.2020.3001537
b'Ping-Jung Duh, Yu-Cheng Sung, Liang-Yu Fan Chiang, Yung-Ju Chang, Kuan-Wen Chen'	b'V-Eye: A Vision-Based Navigation System for the Visually Impaired.'	2021	https://doi.org/10.1109/TMM.2020.3001500
b'Shisong Lin, Mengchao Bai, Feng Liu, Linlin Shen, Yicong Zhou'	b'Orthogonalization-Guided Feature Fusion Network for Multimodal 2D+3D Facial Expression Recognition.'	2021	https://doi.org/10.1109/TMM.2020.3001497
b'Zihan Zhou, Jing Li, Yuhui Quan, Ruotao Xu'	b'Image Quality Assessment Using Kernel Sparse Coding.'	2021	https://doi.org/10.1109/TMM.2020.3001472
b'Yi-Hsun Lin, Homer H. Chen'	b'Tag Propagation and Cost-Sensitive Learning for Music Auto-Tagging.'	2021	https://doi.org/10.1109/TMM.2020.3001521
b'Xinxin Zuo, Sen Wang, Jiangbin Zheng, Weiwei Yu, Minglun Gong, Ruigang Yang, Li Cheng'	b'SparseFusion: Dynamic Human Avatar Modeling From Sparse RGBD Images.'	2021	https://doi.org/10.1109/TMM.2020.3001506
b'Guangliang Zhou, Yi Yan, Deming Wang, Qijun Chen'	b'A Novel Depth and Color Feature Fusion Framework for 6D Object Pose Estimation.'	2021	https://doi.org/10.1109/TMM.2020.3001533
b'Xingxu Yao, Dongyu She, Haiwei Zhang, Jufeng Yang, Ming-Ming Cheng, Liang Wang'	b'Adaptive Deep Metric Learning for Affective Image Retrieval and Classification.'	2021	https://doi.org/10.1109/TMM.2020.3001527
b'Jialu Huang, Jing Liao, Sam Kwong'	b'Semantic Example Guided Image-to-Image Translation.'	2021	https://doi.org/10.1109/TMM.2020.3001536
b'Huaxi Huang, Junjie Zhang, Jian Zhang, Jingsong Xu, Qiang Wu'	b'Low-Rank Pairwise Alignment Bilinear Network For Few-Shot Fine-Grained Image Classification.'	2021	https://doi.org/10.1109/TMM.2020.3001510
b'Fan Yang, Ke Yan, Shijian Lu, Huizhu Jia, Don Xie, Zongqiao Yu, Xiaowei Guo, Feiyue Huang, Wen Gao'	b'Part-aware Progressive Unsupervised Domain Adaptation for Person Re-Identification.'	2021	https://doi.org/10.1109/TMM.2020.3001522
b'Jiahao Xu, Hongda Tian, Zhiyong Wang, Yang Wang, Wenxiong Kang, Fang Chen'	b'Joint Input and Output Space Learning for Multi-Label Image Classification.'	2021	https://doi.org/10.1109/TMM.2020.3002185
b'Ge Song, Xiaoyang Tan'	b'Real-world Cross-modal Retrieval via Sequential Learning.'	2021	https://doi.org/10.1109/TMM.2020.3002177
b'Baoxin Zhao, Haoyi Xiong, Jiang Bian, Zhishan Guo, Cheng-Zhong Xu, Dejing Dou'	b'COMO: Efficient Deep Neural Networks Expansion With COnvolutional MaxOut.'	2021	https://doi.org/10.1109/TMM.2020.3002614
b'Wen-Li Wei, Jen-Chun Lin, Tyng-Luh Liu, Hsiao-Rong Tyan, Hsin-Min Wang, Hong-Yuan Mark Liao'	b'Learning to Visualize Music Through Shot Sequence for Automatic Concert Video Mashup.'	2021	https://doi.org/10.1109/TMM.2020.3003631
b'Zhaoquan Yuan, Siyuan Sun, Lixin Duan, Changsheng Li, Xiao Wu, Changsheng Xu'	b'Adversarial Multimodal Network for Movie Story Question Answering.'	2021	https://doi.org/10.1109/TMM.2020.3002667
b'Wen Ji, H. Vincent Poor'	b'Risk Optimization for Revenue-Driven Wireless Video Broadcasting Systems: A Copula-Based Framework.'	2021	https://doi.org/10.1109/TMM.2020.3002612
b'Wanru Xu, Jian Yu, Zhenjiang Miao, Lili Wan, Yi Tian, Qiang Ji'	b'Deep Reinforcement Polishing Network for Video Captioning.'	2021	https://doi.org/10.1109/TMM.2020.3002669
b'Wenya Guo, Ying Zhang, Xiangrui Cai, Lei Meng, Jufeng Yang, Xiaojie Yuan'	b'LD-MAN: Layout-Driven Multimodal Attention Network for Online News Sentiment Recognition.'	2021	https://doi.org/10.1109/TMM.2020.3003648
b'Zhiwang Zhang, Dong Xu, Wanli Ouyang, Luping Zhou'	b'Dense Video Captioning Using Graph-Based Sentence Summarization.'	2021	https://doi.org/10.1109/TMM.2020.3003592
b'Fang-Yi Chao, Lu Zhang, Wassim Hamidouche, Olivier D\xc3\xa9forges'	b'A Multi-FoV Viewport-Based Visual Saliency Model Using Adaptive Weighting Losses for 360$^\\circ$ Images.'	2021	https://doi.org/10.1109/TMM.2020.3003642
b'Zhao-Min Chen, Quan Cui, Xiu-Shen Wei, Xin Jin, Yanwen Guo'	b'Disentangling, Embedding and Ranking Label Cues for Multi-Label Image Recognition.'	2021	https://doi.org/10.1109/TMM.2020.3003779
b'Xin Liu, Guoying Zhao'	b'3D Skeletal Gesture Recognition via Discriminative Coding on Time-Warping Invariant Riemannian Trajectories.'	2021	https://doi.org/10.1109/TMM.2020.3003783
b'Zhan Wang, Lizhi Wang, Jun Wan, Hua Huang'	b'Shared Low-Rank Correlation Embedding for Multiple Feature Fusion.'	2021	https://doi.org/10.1109/TMM.2020.3003747
b'Zhenyu Weng, Yuesheng Zhu'	b'Online Hashing With Bit Selection for Image Retrieval.'	2021	https://doi.org/10.1109/TMM.2020.3004962
b'Guoli Song, Shuhui Wang, Qingming Huang, Qi Tian'	b'Learning Feature Representation and Partial Correlation for Multimodal Multi-Label Data.'	2021	https://doi.org/10.1109/TMM.2020.3004963
b'Sanchita Ghose, John J. Prevost'	b'AutoFoley: Artificial Synthesis of Synchronized Sound Tracks for Silent Videos With Deep Learning.'	2021	https://doi.org/10.1109/TMM.2020.3005033
b'Chi Ho Cheung, Lu Sheng, King Ngi Ngan'	b'Motion Compensated Virtual View Synthesis Using Novel Particle Cell.'	2021	https://doi.org/10.1109/TMM.2020.3004966
b'Xinyan Zhang, Peng Gao, Sunxiangyu Liu, Kongya Zhao, Guitao Li, Liuguo Yin, Chang Wen Chen'	b'Accurate and Efficient Image Super-Resolution via Global-Local Adjusting Dense Network.'	2021	https://doi.org/10.1109/TMM.2020.3005025
b'Menglei Zhang, Qiang Ling'	b'Supervised Pixel-Wise GAN for Face Super-Resolution.'	2021	https://doi.org/10.1109/TMM.2020.3006414
b'Xin Zhong, Pei-Chi Huang, Spyridon Mastorakis, Frank Y. Shih'	b'An Automated and Robust Image Watermarking Scheme Based on Deep Neural Networks.'	2021	https://doi.org/10.1109/TMM.2020.3006415
b'Wei-Zhi Nie, Min-Jie Ren, An-An Liu, Zhendong Mao, Jie Nie'	b'M-GCN: Multi-Branch Graph Convolution Network for 2D Image-based on 3D Model Retrieval.'	2021	https://doi.org/10.1109/TMM.2020.3006371
b'Zhaopeng Li, Qianqian Xu, Yangbangyan Jiang, Ke Ma, Xiaochun Cao, Qingming Huang'	b'Neural Collaborative Preference Learning With Pairwise Comparisons.'	2021	https://doi.org/10.1109/TMM.2020.3006373
b'Hayeon Kim, Eun-Cheol Lee, Yongseok Seo, Dong-Hyuck Im, In-Kwon Lee'	b'Character Detection in Animated Movies Using Multi-Style Adaptation and Visual Attention.'	2021	https://doi.org/10.1109/TMM.2020.3006372
b'Maryam Sultana, Arif Mahmood, Soon Ki Jung'	b'Unsupervised Moving Object Detection in Complex Scenes Using Adversarial Regularizations.'	2021	https://doi.org/10.1109/TMM.2020.3006419
b'Lei Sang, Min Xu, Shengsheng Qian, Matt Martin, Peter Li, Xindong Wu'	b'Context-Dependent Propagating-Based Video Recommendation in Multimodal Heterogeneous Information Networks.'	2021	https://doi.org/10.1109/TMM.2020.3007330
b'Haimin Zhang, Min Xu'	b'Weakly Supervised Emotion Intensity Prediction for Recomi/tmi40.htmlgnition of Emotions in Images.'	2021	https://doi.org/10.1109/TMM.2020.3007352
b'Hao Liu, Yulan Guo, Yanni Ma, Yinjie Lei, Gongjian Wen'	b'Semantic Context Encoding for Accurate 3D Point Cloud Segmentation.'	2021	https://doi.org/10.1109/TMM.2020.3007331
b'Yuwu Lu, Wenjing Wang, Chun Yuan, Xuelong Li, Zhihui Lai'	b'Manifold Transfer Learning via Discriminant Regression Analysis.'	2021	https://doi.org/10.1109/TMM.2020.3007340
b'Cigdem Beyan, Muhammad Shahid, Vittorio Murino'	b'RealVAD: A Real-World Dataset and A Method for Voice Activity Detection by Body Motion Analysis.'	2021	https://doi.org/10.1109/TMM.2020.3007350
b'Qiuxia Lai, Salman H. Khan, Yongwei Nie, Hanqiu Sun, Jianbing Shen, Ling Shao'	b'Understanding More About Human and Machine Attention in Deep Neural Networks.'	2021	https://doi.org/10.1109/TMM.2020.3007321
b'Zhenqi Fu, Feng Shao, Qiuping Jiang, Xiangchao Meng, Yo-Sung Ho'	b'Subjective and Objective Quality Assessment for Stereoscopic Image Retargeting.'	2021	https://doi.org/10.1109/TMM.2020.3008054
b'Qiao Liu, Xin Li, Zhenyu He, Nana Fan, Di Yuan, Hongpeng Wang'	b'Learning Deep Multi-Level Similarity for Thermal Infrared Object Tracking.'	2021	https://doi.org/10.1109/TMM.2020.3008028
b'Yuting Su, Yuqian Li, Dan Song, Anan Liu, Jie Nie'	b'Joint Intermediate Domain Generation and Distribution Alignment for 2D Image-Based 3D Objects Retrieval.'	2021	https://doi.org/10.1109/TMM.2020.3008056
b'Yong Du, Guoqiang Han, Yinjie Tan, Chufeng Xiao, Shengfeng He'	b'Blind Image Denoising via Dynamic Dual Learning.'	2021	https://doi.org/10.1109/TMM.2020.3008057
b'Vinayak Abrol, Pulkit Sharma, Arijit Patra'	b'Improving Generative Modelling in VAEs Using Multimodal Prior.'	2021	https://doi.org/10.1109/TMM.2020.3008053
b'Bo Jiang, Yuan Zhang, Bin Luo, Xiaochun Cao, Jin Tang'	b'STGL: Spatial-Temporal Graph Representation and Learning for Visual Tracking.'	2021	https://doi.org/10.1109/TMM.2020.3008035
b'Dongyang Zhang, Jie Shao, Zhenwen Liang, Lianli Gao, Heng Tao Shen'	b'Large Factor Image Super-Resolution With Cascaded Convolutional Neural Networks.'	2021	https://doi.org/10.1109/TMM.2020.3008041
b'Raouf Hamzaoui, Huansheng Ning, Chonggang Wang, Reza Malekian, Wei Ding'	b'Guest Editorial Special Section on Hybrid Human-Artificial Intelligence for Multimedia Computing.'	2021	https://doi.org/10.1109/TMM.2021.3091731
b'Shuai Liu, Shuai Wang, Xinyu Liu, Amir H. Gandomi, Mahmoud Daneshmand, Khan Muhammad, Victor Hugo C. de Albuquerque'	b'Human Memory Update Strategy: A Multi-Layer Template Update Mechanism for Remote Visual Monitoring.'	2021	https://doi.org/10.1109/TMM.2021.3065580
b'Cong Bai, Hongkai Li, Jinglin Zhang, Ling Huang, Lu Zhang'	b'Unsupervised Adversarial Instance-Level Image Retrieval.'	2021	https://doi.org/10.1109/TMM.2021.3065578
b'Dapeng Wu, Ruili Bao, Zhidu Li, Honggang Wang, Hong Zhang, Ruyan Wang'	b'Edge-Cloud Collaboration Enabled Video Service Enhancement: A Hybrid Human-Artificial Intelligence Scheme.'	2021	https://doi.org/10.1109/TMM.2021.3066050
b'Jun Xu, Yuanyuan Pu, Rencan Nie, Dan Xu, Zhengpeng Zhao, Wenhua Qian'	b'Virtual Try-on Network With Attribute Transformation and Local Rendering.'	2021	https://doi.org/10.1109/TMM.2021.3070972
b'Yihao Chen, Bin Tan, Jun Wu, Zhifeng Zhang, Haoqi Ren'	b'A Deep Image Coding Scheme With Generative Network to Learn From Correlated Images.'	2021	https://doi.org/10.1109/TMM.2021.3087011
b'John Jethro Virtusio, Jose Jaena Mari Ople, Daniel Stanley Tan, Muhammad Tanveer, Neeraj Kumar, Kai-Lung Hua'	b'Neural Style Palette: A Multimodal and Interactive Style Transfer From a Single Style Image.'	2021	https://doi.org/10.1109/TMM.2021.3087026
b'Peiguang Jing, Yuechen Shang, Liqiang Nie, Yuting Su, Jing Liu, Meng Wang'	b'Learning Low-Rank Sparse Representations With Robust Relationship Inference for Image Memorability Prediction.'	2021	https://doi.org/10.1109/TMM.2020.3009485
b'John Jethro Virtusio, Daniel Stanley Tan, Wen-Huang Cheng, Mohammad Tanveer, Kai-Lung Hua'	b'Enabling Artistic Control Over Pattern Density and Stroke Strength.'	2021	https://doi.org/10.1109/TMM.2020.3009484
b'Yuan-Yu Tsai'	b'Separable Reversible Data Hiding for Encrypted Three-Dimensional Models Based on Spatial Subdivision and Space Encoding.'	2021	https://doi.org/10.1109/TMM.2020.3009492
b'Sree Ramya S. P. Malladi, Sundaresh Ram, Jeffrey J. Rodr\xc3\xadguez'	b'Image Denoising Using Superpixel-Based PCA.'	2021	https://doi.org/10.1109/TMM.2020.3009502
b'Fang Yan, Yuanjie Zheng, Jinyu Cong, Liu Liu, Dacheng Tao, Sujuan Hou'	b'Solving Jigsaw Puzzles via Nonconvex Quadratic Programming With the Projected Power Method.'	2021	https://doi.org/10.1109/TMM.2020.3009501
b'Jun Hu, Shengsheng Qian, Quan Fang, Changsheng Xu'	b'Heterogeneous Community Question Answering via Social-Aware Multi-Modal Co-Attention Convolutional Matching.'	2021	https://doi.org/10.1109/TMM.2020.3009491
b'Chaofan Chen, Shengsheng Qian, Quan Fang, Changsheng Xu'	b'HAPGN: Hierarchical Attentive Pooling Graph Network for Point Cloud Segmentation.'	2021	https://doi.org/10.1109/TMM.2020.3009499
b'Fan Yang, Yang Wu, Zheng Wang, Xiang Li, Sakriani Sakti, Satoshi Nakamura'	b'Instance-Level Heterogeneous Domain Adaptation for Limited-Labeled Sketch-to-Photo Retrieval.'	2021	https://doi.org/10.1109/TMM.2020.3009476
b'Xiaoling Gu, Jun Yu, Yongkang Wong, Mohan S. Kankanhalli'	b'Toward Multi-Modal Conditioned Fashion Image Translation.'	2021	https://doi.org/10.1109/TMM.2020.3009500
b'Junxin Chen, Lei Chen, Yicong Zhou'	b'Universal Chosen-Ciphertext Attack for a Family of Image Encryption Schemes.'	2021	https://doi.org/10.1109/TMM.2020.3011315
b'Wei Wang, Junyu Gao, Xiaoshan Yang, Changsheng Xu'	b'Learning Coarse-to-Fine Graph Neural Networks for Video-Text Retrieval.'	2021	https://doi.org/10.1109/TMM.2020.3011288
b'Xiao-Wei Tang, Xin-Lin Huang, Fei Hu'	b'QoE-Driven UAV-Enabled Pseudo-Analog Wireless Video Broadcast: A Joint Optimization of Power and Trajectory.'	2021	https://doi.org/10.1109/TMM.2020.3011319
b'Jie Wu, Tianshui Chen, Hefeng Wu, Zhi Yang, Guangchun Luo, Liang Lin'	b'Fine-Grained Image Captioning With Global-Local Discriminative Objective.'	2021	https://doi.org/10.1109/TMM.2020.3011317
b'Nianchang Huang, Yi Liu, Qiang Zhang, Jungong Han'	b'Joint Cross-Modal and Unimodal Features for RGB-D Salient Object Detection.'	2021	https://doi.org/10.1109/TMM.2020.3011327
b'Jihoon Sung, Dujeong Lee'	b'Efficient Design and Control for Network-Assisted Device-to-Device Content Delivery Network.'	2021	https://doi.org/10.1109/TMM.2020.3011330
b'Dongxu Wei, Xiaowei Xu, Haibin Shen, Kejie Huang'	b'GAC-GAN: A General Method for Appearance-Controllable Human Video Motion Transfer.'	2021	https://doi.org/10.1109/TMM.2020.3011290
b'Jianshu Zhang, Jun Du, Yongxin Yang, Yi-Zhe Song, Lirong Dai'	b'SRD: A Tree Structure Based Decoder for Online Handwritten Mathematical Expression Recognition.'	2021	https://doi.org/10.1109/TMM.2020.3011316
b'Yinglong Wang, Dong Gong, Jie Yang, Qinfeng Shi, Anton van den Hengel, Dehua Xie, Bing Zeng'	b'Deep Single Image Deraining via Modeling Haze-Like Effect.'	2021	https://doi.org/10.1109/TMM.2020.3013383
b'Jie Wen, Ke Yan, Zheng Zhang, Yong Xu, Junqian Wang, Lunke Fei, Bob Zhang'	b'Adaptive Graph Completion Based Incomplete Multi-View Clustering.'	2021	https://doi.org/10.1109/TMM.2020.3013408
b'Sergio Pezzulli, Maria G. Martini, Nabajeet Barman'	"b""Estimation of Quality Scores From Subjective Tests-Beyond Subjects' MOS."""	2021	https://doi.org/10.1109/TMM.2020.3013349
b'Changmeng Zheng, Zhiwei Wu, Tao Wang, Yi Cai, Qing Li'	b'Object-Aware Multimodal Named Entity Recognition in Social Media Posts With Adversarial Learning.'	2021	https://doi.org/10.1109/TMM.2020.3013398
b'Youqing Xiao, Zhanchuan Cai, Xixi Yuan'	b'YuvConv: Multi-Scale Non-Uniform Convolution Structure Based on YUV Color Model.'	2021	https://doi.org/10.1109/TMM.2020.3013352
b'Xiaoyan Zhang, Zhuopeng Li, Jianmin Jiang'	b'Emotion Attention-Aware Collaborative Deep Reinforcement Learning for Image Cropping.'	2021	https://doi.org/10.1109/TMM.2020.3013350
b'Siyeong Lee, So Yeon Jo, Gwon Hwan An, Suk-Ju Kang'	b'Learning to Generate Multi-Exposure Stacks With Cycle Consistency for High Dynamic Range Imaging.'	2021	https://doi.org/10.1109/TMM.2020.3013378
b'Jiaming Zhang, Jitao Sang, Kaiyuan Xu, Shangxi Wu, Xian Zhao, Yanfeng Sun, Yongli Hu, Jian Yu'	b'Robust CAPTCHAs Towards Malicious OCR.'	2021	https://doi.org/10.1109/TMM.2020.3013376
b'Abdelhak Bentaleb, Ali C. Begen, Saad Harous, Roger Zimmermann'	b'Data-Driven Bandwidth Prediction Models and Automated Model Selection for Low Latency.'	2021	https://doi.org/10.1109/TMM.2020.3013387
b'Xiang Jiang, Shikui Wei, Ting Liu, Ruizhen Zhao, Yao Zhao, Heng Huang'	b'Blind Image Clustering for Camera Source Identification via Row-Sparsity Optimization.'	2021	https://doi.org/10.1109/TMM.2020.3013449
b'Ji Zhu, Hua Yang, Weiyao Lin, Nian Liu, Jia Wang, Wenjun Zhang'	b'Group Re-Identification With Group Context Graph Neural Networks.'	2021	https://doi.org/10.1109/TMM.2020.3013531
b'Siwang Zhou, Yan He, Yonghe Liu, Chengqing Li, Jianming Zhang'	b'Multi-Channel Deep Networks for Block-Based Image Compressive Sensing.'	2021	https://doi.org/10.1109/TMM.2020.3014561
b'Yuechi Jiang, Frank H. F. Leung'	b'Vector-Based Feature Representations for Speech Signals: From Supervector to Latent Vector.'	2021	https://doi.org/10.1109/TMM.2020.3014559
b'Bo Zhang, Di Xiao, Yong Xiang'	b'Robust Coding of Encrypted Images via 2D Compressed Sensing.'	2021	https://doi.org/10.1109/TMM.2020.3014489
b'Guang Chen, Can Zhang, Yuexian Zou'	b'AFNet: Temporal Locality-Aware Network With Dual Structure for Accurate and Fast Action Detection.'	2021	https://doi.org/10.1109/TMM.2020.3014555
b'Zhedong Zheng, Tao Ruan, Yunchao Wei, Yi Yang, Tao Mei'	b'VehicleNet: Learning Robust Visual Representation for Vehicle Re-Identification.'	2021	https://doi.org/10.1109/TMM.2020.3014488
b'Zeyu Li, Cheng Deng, Erkun Yang, Dacheng Tao'	b'Staged Sketch-to-Image Synthesis via Semi-supervised Generative Adversarial Networks.'	2021	https://doi.org/10.1109/TMM.2020.3015015
b'Minglong Xue, Palaiahnakote Shivakumara, Chao Zhang, Yao Xiao, Tong Lu, Umapada Pal, Daniel Lopresti, Zhibo Yang'	b'Arbitrarily-Oriented Text Detection in Low Light Natural Scene Images.'	2021	https://doi.org/10.1109/TMM.2020.3015037
b'Dan Song, Tianbao Li, Wenhui Li, Wei-Zhi Nie, Wu Liu, An-An Liu'	b'Universal Cross-Domain 3D Model Retrieval.'	2021	https://doi.org/10.1109/TMM.2020.3015554
b'Tasfia Shermin, Guojun Lu, Shyh Wei Teng, M. Manzur Murshed, Ferdous Sohel'	b'Adversarial Network With Multiple Classifiers for Open Set Domain Adaptation.'	2021	https://doi.org/10.1109/TMM.2020.3016126
b'Fan Zhao, Wenda Zhao'	b'Learning Specific and General Realm Feature Representations for Image Fusion.'	2021	https://doi.org/10.1109/TMM.2020.3016123
b'Leida Li, Yixuan Li, Jinjian Wu, Lin Ma, Yuming Fang'	b'Quality Evaluation for Image Retargeting With Instance Semantics.'	2021	https://doi.org/10.1109/TMM.2020.3016124
b'Bin Fan, Hongmin Liu, Hui Zeng, Jiyong Zhang, Xin Liu, Junwei Han'	b'Deep Unsupervised Binary Descriptor Learning Through Locality Consistency and Self Distinctiveness.'	2021	https://doi.org/10.1109/TMM.2020.3016122
b'Yuhui Wang, Francesco Gelli, Christian von der Weth, Mohan S. Kankanhalli'	b'A Matrix Factorization Based Framework for Fusion of Physical and Social Sensors.'	2021	https://doi.org/10.1109/TMM.2020.3016222
b'Yingying Deng, Fan Tang, Weiming Dong, Chongyang Ma, Feiyue Huang, Oliver Deussen, Changsheng Xu'	b'Exploring the Representativity of Art Paintings.'	2021	https://doi.org/10.1109/TMM.2020.3016887
b'Li Li, Zhu Li, Shan Liu, Houqiang Li'	b'Efficient Projected Frame Padding for Video-Based Point Cloud Compression.'	2021	https://doi.org/10.1109/TMM.2020.3016894
b'Xiaoxi Gong, Yuanpeng Liu, Qiaoyun Wu, Jiayi Huang, Hua Zong, Jun Wang'	b'An Accurate, Robust Visual Odometry and Detail-Preserving Reconstruction System.'	2021	https://doi.org/10.1109/TMM.2020.3017886
b'Titir Dutta, Anurag Singh, Soma Biswas'	b'StyleGuide: Zero-Shot Sketch-Based Image Retrieval Using Style-Guided Image Generation.'	2021	https://doi.org/10.1109/TMM.2020.3017918
b'Caixia Liu, Dehui Kong, Shaofan Wang, Jinghua Li, Baocai Yin'	b'DLGAN: Depth-Preserving Latent Generative Adversarial Network for 3D Reconstruction.'	2021	https://doi.org/10.1109/TMM.2020.3017924
b'Lichun Wang, Shuang Li, Shaofan Wang, Dehui Kong, Baocai Yin'	b'Hardness-Aware Dictionary Learning: Boosting Dictionary for Recognition.'	2021	https://doi.org/10.1109/TMM.2020.3017916
b'Navid Mahmoudian Bidgoli, Thomas Maugey, Aline Roumy'	b'Fine Granularity Access in Interactive Compression of 360-Degree Images Based on Rate-adaptive Channel Codes.'	2021	https://doi.org/10.1109/TMM.2020.3017890
b'Zhengzhi Lu, Guoan Yang, Junjie Yang, Yuhao Wang'	b'An Adaptive Arbitrary Multiresolution Decomposition for Multiscale Geometric Analysis.'	2021	https://doi.org/10.1109/TMM.2020.3017921
b'Xin Liu, Yongbin Sun, Ziwei Liu, Dahua Lin'	b'Learning Diverse Fashion Collocation by Neural Graph Filtering.'	2021	https://doi.org/10.1109/TMM.2020.3018021
b'Mehmood Nawaz, Hong Yan'	b'Saliency Detection Using Deep Features and Affinity-Based Robust Background Subtraction.'	2021	https://doi.org/10.1109/TMM.2020.3019688
b'Yanchao Zhang, Weiqing Min, Liqiang Nie, Shuqiang Jiang'	b'Hybrid-Attention Enhanced Two-Stream Fusion Network for Video Venue Prediction.'	2021	https://doi.org/10.1109/TMM.2020.3019714
b'Lunke Fei, Bob Zhang, Lin Zhang, Wei Jia, Jie Wen, Jigang Wu'	b'Learning Compact Multifeature Codes for Palmprint Recognition From a Single Training Image per Palm.'	2021	https://doi.org/10.1109/TMM.2020.3019701
b'Junpeng Tan, Yukai Shi, Zhijing Yang, Caizhen Wen, Liang Lin'	b'Unsupervised Multi-View Clustering by Squeezing Hybrid Knowledge From Cross View and Each View.'	2021	https://doi.org/10.1109/TMM.2020.3019683
b'Shuai Yang, Yueyu Hu, Wenhan Yang, Lingyu Duan, Jiaying Liu'	b'Towards Coding for Human and Machine Vision: Scalable Face Image Coding.'	2021	https://doi.org/10.1109/TMM.2021.3068580
b'Nader Bakir, Wassim Hamidouche, Sid Ahmed Fezza, Khouloud Samrouth, Olivier D\xc3\xa9forges'	b'Light Field Image Coding Using VVC Standard and View Synthesis Based on Dual Discriminator GAN.'	2021	https://doi.org/10.1109/TMM.2021.3068563
b'Jichun Li, Bo Yan, Qing Lin, Ang Li, Chenxi Ma'	b'Motion Blur Removal With Quality Assessment Guidance.'	2021	https://doi.org/10.1109/TMM.2021.3068561
b'Xiaoyu Chai, Jun Chen, Chao Liang, Dongshu Xu, Chia-Wen Lin'	b'Expression-Aware Face Reconstruction via a Dual-Stream Network.'	2021	https://doi.org/10.1109/TMM.2021.3068567
b'Mohammad Akbari, Jie Liang, Jingning Han, Chengjie Tu'	b'Learned Multi-Resolution Variable-Rate Image Compression With Octave-Based Residual Blocks.'	2021	https://doi.org/10.1109/TMM.2021.3068523
b'Zeqing Fu, Wei Hu'	b'Dynamic Point Cloud Inpainting via Spatial-Temporal Graph Learning.'	2021	https://doi.org/10.1109/TMM.2021.3068606
b'Gang Li, Xiaochen Wang, Ruimin Hu, Huyin Zhang, Shanfa Ke'	b'Intelligibility Enhancement Via Normal-to-Lombard Speech Conversion With Long Short-Term Memory Network and Bayesian Gaussian Mixture Model.'	2021	https://doi.org/10.1109/TMM.2021.3068565
b'Xu Ma, Jingda Guo, Andrew Sansom, Mara McGuire, Andrew Kalaani, Qi Chen, Sihai Tang, Qing Yang, Song Fu'	b'Spatial Pyramid Attention for Deep Convolutional Neural Networks.'	2021	https://doi.org/10.1109/TMM.2021.3068576
b'Yue Que, Suli Li, Hyo Jong Lee'	b'Attentive Composite Residual Network for Robust Rain Removal from Single Images.'	2021	https://doi.org/10.1109/TMM.2020.3019680
b'Feiyu Chen, Jie Shao, Yonghui Zhang, Xing Xu, Heng Tao Shen'	b'Interclass-Relativity-Adaptive Metric Learning for Cross-Modal Matching and Beyond.'	2021	https://doi.org/10.1109/TMM.2020.3019710
b'Jialiang Zhang, Lixiang Lin, Jianke Zhu, Yang Li, Yun-chen Chen, Yao Hu, Steven C. H. Hoi'	b'Attribute-Aware Pedestrian Detection in a Crowd.'	2021	https://doi.org/10.1109/TMM.2020.3020691
b'Yu Chen, Jieyu Zhao, Congwei Shi, Dongdong Yuan'	b'Mesh Convolution: A Novel Feature Extraction Method for 3D Nonrigid Object Classification.'	2021	https://doi.org/10.1109/TMM.2020.3020693
b'Jingchun Cheng, Yuhui Yuan, Yali Li, Jingdong Wang, Shengjin Wang'	b'Learning to Segment Video Object With Accurate Boundaries.'	2021	https://doi.org/10.1109/TMM.2020.3020698
b'Shijie Yang, Liang Li, Shuhui Wang, Weigang Zhang, Qingming Huang, Qi Tian'	b'Graph Regularized Encoder-Decoder Networks for Image Representation Learning.'	2021	https://doi.org/10.1109/TMM.2020.3020697
b'Bin Wang, Huifang Niu, Jianchao Zeng, Guifeng Bai, Suzhen Lin, Yanbo Wang'	b'Latent Representation Learning Model for Multi-Band Images Fusion via Low-Rank and Sparse Embedding.'	2021	https://doi.org/10.1109/TMM.2020.3020695
b'Jiaqian Li, Juncheng Li, Faming Fang, Fang Li, Guixu Zhang'	b'Luminance-Aware Pyramid Network for Low-Light Image Enhancement.'	2021	https://doi.org/10.1109/TMM.2020.3021243
b'Ahmed Khalid, Ahmed H. Zahran, Cormac J. Sreenan'	b'Optimizing Video QoE for Mobile eMBMS Users in Cellular Networks.'	2021	https://doi.org/10.1109/TMM.2020.3021229
b'Peisong He, Haoliang Li, Hongxia Wang, Shiqi Wang, Xinghao Jiang, Ruimei Zhang'	b'Frame-Wise Detection of Double HEVC Compression by Learning Deep Spatio-Temporal Representations in Compression Domain.'	2021	https://doi.org/10.1109/TMM.2020.3021234
b'Bo Jiang, Xingyue Jiang, Jin Tang, Bin Luo'	b'Co-Saliency Detection via a General Optimization Model and Adaptive Graph Learning.'	2021	https://doi.org/10.1109/TMM.2020.3021251
b'Junyu Gao, Xiaoshan Yang, Yingying Zhang, Changsheng Xu'	b'Unsupervised Video Summarization via Relation-Aware Assignment Learning.'	2021	https://doi.org/10.1109/TMM.2020.3021980
b'Xinxin Zhang, Ronggang Wang, Da Chen, Yang Zhao, Wen Gao'	b'Handling Outliers by Robust M-Estimation in Blind Image Deblurring.'	2021	https://doi.org/10.1109/TMM.2020.3021989
b'Jianyi Wang, Mai Xu, Lai Jiang, Yuhang Song'	b'Attention-Based Deep Reinforcement Learning for Virtual Cinematography of 360$^{\\circ}$ Videos.'	2021	https://doi.org/10.1109/TMM.2020.3021984
b'Tao Wang, Zexuan Ji, Jian Yang, Quansen Sun, Peng Fu'	b'Global Manifold Learning for Interactive Image Segmentation.'	2021	https://doi.org/10.1109/TMM.2020.3021979
b'Fan Wu, Wang Yang, Ju Ren, Feng Lyu, Peng Yang, Yaoxue Zhang, Xuemin Shen'	b'NDN-MMRA: Multi-Stage Multicast Rate Adaptation in Named Data Networking WLAN.'	2021	https://doi.org/10.1109/TMM.2020.3023282
b'Yuxuan Shi, Zhen Wei, Hefei Ling, Ziyang Wang, Pengfei Zhu, Jialie Shen, Ping Li'	b'Adaptive and Robust Partition Learning for Person Retrieval With Policy Gradient.'	2021	https://doi.org/10.1109/TMM.2020.3023272
b'Qi Liu, Hui Yuan, Junhui Hou, Raouf Hamzaoui, Honglei Su'	b'Model-Based Joint Bit Allocation Between Geometry and Color for Video-Based 3D Point Cloud Compression.'	2021	https://doi.org/10.1109/TMM.2020.3023294
b'Che Sun, Yunde Jia, Hao Song, Yuwei Wu'	b'Adversarial 3D Convolutional Auto-Encoder for Abnormal Event Detection in Videos.'	2021	https://doi.org/10.1109/TMM.2020.3023303
b'Zijian Zhang, Zhou Zhao, Zhu Zhang, Zhijie Lin, Qi Wang, Richang Hong'	b'Temporal Textual Localization in Video via Adversarial Bi-Directional Interaction Networks.'	2021	https://doi.org/10.1109/TMM.2020.3023339
b'Mohamed Azzam, Wenhao Wu, Wen-ming Cao, Si Wu, Hau-San Wong'	b'KTransGAN: Variational Inference-Based Knowledge Transfer for Unsupervised Conditional Generative Learning.'	2021	https://doi.org/10.1109/TMM.2020.3023792
b'Zan Gao, Li-Shuai Gao, Hua Zhang, Zhiyong Cheng, Richang Hong, Shengyong Chen'	b'DCR: A Unified Framework for Holistic/Partial Person ReID.'	2021	https://doi.org/10.1109/TMM.2020.3023784
b'Jiawen Liao, Chun Qi, Jianzhong Cao'	b'Temporal Constraint Background-Aware Correlation Filter With Saliency Map.'	2021	https://doi.org/10.1109/TMM.2020.3023794
b'Yaxiong Wang, Hao Yang, Xiuxiu Bai, Xueming Qian, Lin Ma, Jing Lu, Biao Li, Xin Fan'	b'PFAN++: Bi-Directional Image-Text Retrieval With Position Focused Attention Network.'	2021	https://doi.org/10.1109/TMM.2020.3024822
b'Yanxiong Li, Wucheng Wang, Mingle Liu, Zhongjie Jiang, Qianhua He'	b'Speaker Clustering by Co-Optimizing Deep Representation Learning and Cluster Estimation.'	2021	https://doi.org/10.1109/TMM.2020.3024667
b'Wujie Zhou, Junwei Wu, Jingsheng Lei, Jenq-Neng Hwang, Lu Yu'	b'Salient Object Detection in Stereoscopic 3D Images Using a Deep Convolutional Residual Autoencoder.'	2021	https://doi.org/10.1109/TMM.2020.3025166
b'Haofeng Zhang, Yifan Gu, Yazhou Yao, Zheng Zhang, Li Liu, Jian Zhang, Ling Shao'	b'Deep Unsupervised Self-Evolutionary Hashing for Image Retrieval.'	2021	https://doi.org/10.1109/TMM.2020.3025000
b'Zhen-Tao Liu, Abdul Rehman, Min Wu, Weihua Cao, Man Hao'	b'Speech Personality Recognition Based on Annotation Classification Using Log-Likelihood Distance and Extraction of Essential Audio Features.'	2021	https://doi.org/10.1109/TMM.2020.3025108
b'Xiangping Wu, Qingcai Chen, Yulun Xiao, Wei Li, Xin Liu, Baotian Hu'	b'LCSegNet: An Efficient Semantic Segmentation Network for Large-Scale Complex Chinese Character Recognition.'	2021	https://doi.org/10.1109/TMM.2020.3025696
b'Peisen Zhao, Lingxi Xie, Ya Zhang, Qi Tian'	b'Universal-to-Specific Framework for Complex Action Recognition.'	2021	https://doi.org/10.1109/TMM.2020.3025665
b'Jun Xiao, Lin Li, Dejing Xu, Chengjiang Long, Jian Shao, Shifeng Zhang, Shiliang Pu, Yueting Zhuang'	b'Explore Video Clip Order With Self-Supervised and Curriculum Learning for Video Applications.'	2021	https://doi.org/10.1109/TMM.2020.3025661
b'Arnaud Delmotte, Kenichiro Tanaka, Hiroyuki Kubo, Takuya Funatomi, Yasuhiro Mukaigawa'	b'Blind 3D-Printing Watermarking Using Moment Alignment and Surface Norm Distribution.'	2021	https://doi.org/10.1109/TMM.2020.3025660
b'Qianqian Wang, Jiafeng Cheng, Quanxue Gao, Guoshuai Zhao, Licheng Jiao'	b'Deep Multi-View Subspace Clustering With Unified and Discriminative Learning.'	2021	https://doi.org/10.1109/TMM.2020.3025666
b'Ting Bi, Roisin Lyons, Grace Fox, Gabriel-Miro Muntean'	b'Improving Student Learning Satisfaction by Using an Innovative DASH-Based Multiple Sensorial Media Delivery Solution.'	2021	https://doi.org/10.1109/TMM.2020.3025669
b'Beijing Chen, Weijin Tan, Gouenou Coatrieux, Yuhui Zheng, Yun Qing Shi'	b'A Serial Image Copy-Move Forgery Localization Scheme With Source/Target Distinguishment.'	2021	https://doi.org/10.1109/TMM.2020.3026868
b'Fei Liu, Jing Liu, Zhiwei Fang, Richang Hong, Hanqing Lu'	b'Visual Question Answering With Dense Inter- and Intra-Modality Interactions.'	2021	https://doi.org/10.1109/TMM.2020.3026892
b'Kai Xu, Longyin Wen, Guorong Li, Qingming Huang'	b'Self-Supervised Deep TripleNet for Video Object Segmentation.'	2021	https://doi.org/10.1109/TMM.2020.3026913
b'Ercheng Pei, Meshia C\xc3\xa9dric Oveneke, Yong Zhao, Dongmei Jiang, Hichem Sahli'	b'Monocular 3D Facial Expression Features for Continuous Affect Recognition.'	2021	https://doi.org/10.1109/TMM.2020.3026894
b'Haozan Liang, Guihua Wen, Yang Hu, Mingnan Luo, Pei Yang, Yingxue Xu'	b'MVANet: Multi-Task Guided Multi-View Attention Network for Chinese Food Recognition.'	2021	https://doi.org/10.1109/TMM.2020.3028478
b'Peng Zhang, Jingsong Xu, Qiang Wu, Yan Huang, Xianye Ben'	b'Learning Spatial-Temporal Representations Over Walking Tracklet for Long-Term Person Re-Identification in the Wild.'	2021	https://doi.org/10.1109/TMM.2020.3028461
b'Shuai Zheng, Jian Chen, Xiao-Ping Zhang, Yonghong Kuo'	b'A New Multihypothesis-Based Compressed Video Sensing Reconstruction System.'	2021	https://doi.org/10.1109/TMM.2020.3028479
b'Ying Zheng, Hongxun Yao, Xiaoshuai Sun'	b'Deep Semantic Parsing of Freehand Sketches With Homogeneous Transformation, Soft-Weighted Loss, and Staged Learning.'	2021	https://doi.org/10.1109/TMM.2020.3028466
b'Peiqin Zhuang, Yali Wang, Yu Qiao'	b'Wildfish++: A Comprehensive Fish Benchmark for Multimedia Research.'	2021	https://doi.org/10.1109/TMM.2020.3028482
b'Peng Lu, Hao Zhang, Xujun Peng, Xiaofu Jin'	b'Learning the Relation Between Interested Objects and Aesthetic Region for Image Cropping.'	2021	https://doi.org/10.1109/TMM.2020.3029882
b'Wanxin Shi, Chao Wang, Yong Jiang, Qing Li, Gengbiao Shen, Gabriel-Miro Muntean'	b'CoLEAP: Cooperative Learning-Based Edge Scheme With Caching and Prefetching for DASH Video Delivery.'	2021	https://doi.org/10.1109/TMM.2020.3029893
b'Jianbo Ouyang, Wengang Zhou, Min Wang, Qi Tian, Houqiang Li'	b'Collaborative Image Relevance Learning for Visual Re-Ranking.'	2021	https://doi.org/10.1109/TMM.2020.3029886
b'Yucheng Lu, Jin-Hyuck Cha, Sekyoung Youm, Seung-Won Jung'	b'Parametric Shape Estimation of Human Body Under Wide Clothing.'	2021	https://doi.org/10.1109/TMM.2020.3029941
b'Kaixuan Long, Ying Cui, Chencheng Ye, Zhi Liu'	b'Optimal Wireless Streaming of Multi-Quality 360 VR Video By Exploiting Natural, Relative Smoothness-Enabled, and Transcoding-Enabled Multicast Opportunities.'	2021	https://doi.org/10.1109/TMM.2020.3029880
b'Jixin Liu, Rong Tan, Guang Han, Ning Sun, Sam Kwong'	b'Privacy-Preserving In-Home Fall Detection Using Visual Shielding Sensing and Private Information-Embedding.'	2021	https://doi.org/10.1109/TMM.2020.3029904
b'Guangtao Zhai, Yucheng Zhu, Xiongkuo Min'	b'Comparative Perceptual Assessment of Visual Signals Using Free Energy Features.'	2021	https://doi.org/10.1109/TMM.2020.3029891
b'Zhangyu Chang, S.-H. Gary Chan'	b'An Approximation Algorithm to Maximize User Capacity for an Auto-Scaling VoD System.'	2021	https://doi.org/10.1109/TMM.2020.3031068
b'Kai Zhu, Yang Cao, Wei Zhai, Zheng-Jun Zha'	b'One-Shot Texture Retrieval Using Global Grouping Metric.'	2021	https://doi.org/10.1109/TMM.2020.3031062
b'Zhangxuan Gu, Li Niu, Haohua Zhao, Liqing Zhang'	b'Hard Pixel Mining for Depth Privileged Semantic Segmentation.'	2021	https://doi.org/10.1109/TMM.2020.3035231
b'Ning Xie, Qiqi Zhang, Yicong Chen, Ji Hu, Gang Luo, Changsheng Chen'	b'Low-Cost Anti-Copying 2D Barcode by Exploiting Channel Noise Characteristics.'	2021	https://doi.org/10.1109/TMM.2020.3031083
b'Qiuying Huang, Zhanchuan Cai, Ting Lan'	b'A New Approach for Character Recognition of Multi-Style Vehicle License Plates.'	2021	https://doi.org/10.1109/TMM.2020.3031074
b'Yang Shi, Xiushan Nie, Meng Chen, Li Lian, Yilong Yin'	b'Deep Hashing With Weighted Spatial Importance.'	2021	https://doi.org/10.1109/TMM.2020.3031092
b'Weizhi Nie, Minjie Ren, Jie Nie, Sicheng Zhao'	b'C-GCN: Correlation Based Graph Convolutional Network for Audio-Video Emotion Recognition.'	2021	https://doi.org/10.1109/TMM.2020.3032037
b'Selin Nacakli, A. Murat Tekalp'	b'Controlling P2P-CDN Live Streaming Services at SDN-Enabled Multi-Access Edge Datacenters.'	2021	https://doi.org/10.1109/TMM.2020.3032042
b'Junghyuk Lee, Toinon Vigier, Patrick Le Callet, Jong-Seok Lee'	b'Wide Color Gamut Image Content Characterization: Method, Evaluation, and Applications.'	2021	https://doi.org/10.1109/TMM.2020.3032026
b'Huibing Wang, Yang Wang, Zhao Zhang, Xianping Fu, Li Zhuo, Mingliang Xu, Meng Wang'	b'Kernelized Multiview Subspace Analysis By Self-Weighted Learning.'	2021	https://doi.org/10.1109/TMM.2020.3032023
b'Mingyang Guan, Changyun Wen'	b'Adaptive Multi-Feature Reliability Re-Determinative Correlation Filter for Visual Tracking.'	2021	https://doi.org/10.1109/TMM.2020.3032043
b'Jinyu Chen, Xianzhuo Luo, Miao Hu, Di Wu, Yipeng Zhou'	b'Sparkle: User-Aware Viewport Prediction in 360-Degree Video Streaming.'	2021	https://doi.org/10.1109/TMM.2020.3033127
b'Qingyang Zhou, Liping Zhao, Kailun Zhou, Tao Lin, Huihui Wang, Shuhui Wang, Mengcao Jiao'	b'String Prediction for 4: 2: 0 Format Screen Content Coding and Its Implementation in AVS3.'	2021	https://doi.org/10.1109/TMM.2020.3033092
b'Qi Yang, Hao Chen, Zhan Ma, Yiling Xu, Rongjun Tang, Jun Sun'	b'Predicting the Perceptual Quality of Point Cloud: A 3D-to-2D Projection-Based Exploration.'	2021	https://doi.org/10.1109/TMM.2020.3033117
b'Katsuya Fujii, Daisuke Sugimura, Takayuki Hamamoto'	b'Hierarchical Group-Level Emotion Recognition.'	2021	https://doi.org/10.1109/TMM.2020.3033125
b'Yuan Cao, Heng Qi, Jie Gui, Keqiu Li, Yuan Yan Tang, James Tin-Yau Kwok'	b'Learning to Hash With Dimension Analysis Based Quantizer for Image Retrieval.'	2021	https://doi.org/10.1109/TMM.2020.3033118
b'Shaobo Min, Hantao Yao, Hongtao Xie, Zheng-Jun Zha, Yongdong Zhang'	b'Domain-Oriented Semantic Embedding for Zero-Shot Learning.'	2021	https://doi.org/10.1109/TMM.2020.3033124
b'Mahsa Mesgaran, A. Ben Hamza'	b'Anisotropic Graph Convolutional Network for Semi-Supervised Learning.'	2021	https://doi.org/10.1109/TMM.2020.3034530
b'Cheng Ma, Jiwen Lu, Jie Zhou'	b'Rank-Consistency Deep Hashing for Scalable Multi-Label Image Search.'	2021	https://doi.org/10.1109/TMM.2020.3034534
b'Xiaolin Chen, Xuemeng Song, Siwei Cui, Tian Gan, Zhiyong Cheng, Liqiang Nie'	b'User Identity Linkage Across Social Media via Attentive Time-Aware User Modeling.'	2021	https://doi.org/10.1109/TMM.2020.3034540
b'Xianming Lin, Run Li, Xiawu Zheng, Pai Peng, Yongjian Wu, Feiyue Huang, Rongrong Ji'	b'Aggregating Global and Local Visual Representation for Vehicle Re-IDentification.'	2021	https://doi.org/10.1109/TMM.2020.3035279
b'Ohini Kafui Toffa, Max Mignotte'	b'Environmental Sound Classification Using Local Binary Pattern and Audio Features Collaboration.'	2021	https://doi.org/10.1109/TMM.2020.3035275
b'Na-Young Kim, Je-Won Kang'	b'Dynamic Motion Estimation and Evolution Video Prediction Network.'	2021	https://doi.org/10.1109/TMM.2020.3035281
b'Fan Qi, Xiaoshan Yang, Changsheng Xu'	b'Emotion Knowledge Driven Video Highlight Detection.'	2021	https://doi.org/10.1109/TMM.2020.3035285
b'Xiaocui Yang, Shi Feng, Daling Wang, Yifei Zhang'	b'Image-Text Multimodal Emotion Classification via Multi-View Attentional Network.'	2021	https://doi.org/10.1109/TMM.2020.3035277
b'Zheng Wang, Jianguo Li, Yu-Gang Jiang'	b'Story-driven Video Editing.'	2021	https://doi.org/10.1109/TMM.2020.3037461
b'Kyohoon Sim, Jiachen Yang, Wen Lu, Xinbo Gao'	b'MaD-DLS: Mean and Deviation of Deep and Local Similarity for Image Quality Assessment.'	2021	https://doi.org/10.1109/TMM.2020.3037482
b'Alireza Javaheri, Catarina Brites, Fernando Pereira, Jo\xc3\xa3o Ascenso'	b'Point Cloud Rendering After Coding: Impacts on Subjective and Objective Quality.'	2021	https://doi.org/10.1109/TMM.2020.3037481
b'Jun Xu, Zhi-Ang Liu, Yingkun Hou, Xiantong Zhen, Ling Shao, Ming-Ming Cheng'	b'Pixel-Level Non-local Image Smoothing With Objective Evaluation.'	2021	https://doi.org/10.1109/TMM.2020.3037535
b'Chaoqun Zheng, Lei Zhu, Zhiyong Cheng, Jingjing Li, An-An Liu'	b'Adaptive Partial Multi-View Hashing for Efficient Social Image Retrieval.'	2021	https://doi.org/10.1109/TMM.2020.3037456
b'Kun Lu, Lihong Zhang'	b'TBEFN: A Two-Branch Exposure-Fusion Network for Low-Light Image Enhancement.'	2021	https://doi.org/10.1109/TMM.2020.3037526
b'Zhiwen Fang, Joey Tianyi Zhou, Yang Xiao, Yanan Li, Feng Yang'	b'Multi-Encoder Towards Effective Anomaly Detection in Videos.'	2021	https://doi.org/10.1109/TMM.2020.3037538
b'Hansung Kim, Luca Remaggi, Sam Fowler, Philip J. B. Jackson, Adrian Hilton'	b'Acoustic Room Modelling Using 360 Stereo Cameras.'	2021	https://doi.org/10.1109/TMM.2020.3037537
b'Zhao Ren, Qiuqiang Kong, Jing Han, Mark D. Plumbley, Bj\xc3\xb6rn W. Schuller'	b'CAA-Net: Conditional Atrous CNNs With Attention for Explainable Device-Robust Acoustic Scene Classification.'	2021	https://doi.org/10.1109/TMM.2020.3037534
b'Ziad Al-Halah, Kristen Grauman'	b'Modeling Fashion Influence From Photos.'	2021	https://doi.org/10.1109/TMM.2020.3037459
b'Libo Zhang, Dawei Du, Congcong Li, Yanjun Wu, Tiejian Luo'	b'Iterative Knowledge Distillation for Automatic Check-Out.'	2021	https://doi.org/10.1109/TMM.2020.3037502
b'Haifeng Chen, Dongmei Jiang, Hichem Sahli'	b'Transformer Encoder With Multi-Modal Multi-Head Attention for Continuous Affect Recognition.'	2021	https://doi.org/10.1109/TMM.2020.3037496
b'Chen Zhao, Wu Gao, Feiping Nie'	b'A Resource-Efficient Parallel Connected Component Labeling Algorithm and Its Hardware Implementation.'	2021	https://doi.org/10.1109/TMM.2020.3037511
b'Kai Lv, Hao Sheng, Zhang Xiong, Wei Li, Liang Zheng'	b'Improving Driver Gaze Prediction With Reinforced Attention.'	2021	https://doi.org/10.1109/TMM.2020.3038311
b'Xin Yang, Zikang Yuan, Dongfu Zhu, Cheng Chi, Kun Li, Chunyuan Liao'	b'Robust and Efficient RGB-D SLAM in Dynamic Environments.'	2021	https://doi.org/10.1109/TMM.2020.3038323
b'M. A. Tugtekin Turan, Engin Erzin'	b'Domain Adaptation for Food Intake Classification With Teacher/Student Learning.'	2021	https://doi.org/10.1109/TMM.2020.3038315
b'Yuping Zhang, Bo Ma, Jiahao Wu, Lianghua Huang, Jianbing Shen'	b'Capturing Relevant Context for Visual Tracking.'	2021	https://doi.org/10.1109/TMM.2020.3038310
b'Suiyi Ling, Jing Li, Zhaohui Che, Wei Zhou, Junle Wang, Patrick Le Callet'	b'Re-Visiting Discriminator for Blind Free-Viewpoint Image Quality Assessment.'	2021	https://doi.org/10.1109/TMM.2020.3038305
b'Yongqiang Bai, Zhongjie Zhu, Gangyi Jiang, Huifang Sun'	b'Blind Quality Assessment of Screen Content Images Via Macro-Micro Modeling of Tensor Domain Dictionary.'	2021	https://doi.org/10.1109/TMM.2020.3039382
b'Seokjae Lim, Wonjun Kim'	b'DSLR: Deep Stacked Laplacian Restorer for Low-Light Image Enhancement.'	2021	https://doi.org/10.1109/TMM.2020.3039361
b'Yufan Hu, Junyu Gao, Changsheng Xu'	b'Learning Dual-Pooling Graph Neural Networks for Few-Shot Video Classification.'	2021	https://doi.org/10.1109/TMM.2020.3039329
b'Lvran Chen, Huicheng Zheng, Zhiwei Yan, Ye Li'	b'Discriminative Region Mining for Object Detection.'	2021	https://doi.org/10.1109/TMM.2020.3040539
b'Yao Chiang, Chih-Ho Hsu, Hung-Yu Wei'	b'Collaborative Social-Aware and QoE-Driven Video Caching and Adaptation in Edge Network.'	2021	https://doi.org/10.1109/TMM.2020.3040532
b'Xiaohan Yang, Fan Li, Hantao Liu'	b'TTL-IQA: Transitive Transfer Learning Based No-Reference Image Quality Assessment.'	2021	https://doi.org/10.1109/TMM.2020.3040529
b'Ian Blanes, Miguel Hern\xc3\xa1ndez-Cabronero, Joan Serra-Sagrist\xc3\xa0, Michael W. Marcellin'	b'Redundancy and Optimization of tANS Entropy Encoders.'	2021	https://doi.org/10.1109/TMM.2020.3040547
b'Xirong Li, Fangming Zhou, Chaoxi Xu, Jiaqi Ji, Gang Yang'	b'SEA: Sentence Encoder Assembly for Video Retrieval by Textual Queries.'	2021	https://doi.org/10.1109/TMM.2020.3042067
b'Yuan Zhou, Ruolin Wang, Hongru Li, Sun-Yuan Kung'	b'Temporal Action Localization Using Long Short-Term Dependency.'	2021	https://doi.org/10.1109/TMM.2020.3042077
b'Yuxuan Shi, Zhen Wei, Hefei Ling, Ziyang Wang, Jialie Shen, Ping Li'	b'Person Retrieval in Surveillance Videos Via Deep Attribute Mining and Reasoning.'	2021	https://doi.org/10.1109/TMM.2020.3042068
b'Sanghyo Park, Je-Won Kang'	b'Fast Multi-Type Tree Partitioning for Versatile Video Coding Using a Lightweight Neural Network.'	2021	https://doi.org/10.1109/TMM.2020.3042062
b'Xing Tian, Wing W. Y. Ng, Hui Wang, Sam Kwong'	b'Complementary Incremental Hashing With Query-Adaptive Re-Ranking for Image Retrieval.'	2021	https://doi.org/10.1109/TMM.2020.2994509
b'Hang Wang, Youtian Du, Guangxun Zhang, Zhongmin Cai, Chang Su'	b'Learning Fundamental Visual Concepts Based on Evolved Multi-Edge Concept Graph.'	2021	https://doi.org/10.1109/TMM.2020.3042072
b'Haijun Liu, Xiaoheng Tan, Xichuan Zhou'	b'Parameter Sharing Exploration and Hetero-Center Triplet Loss for Visible-Thermal Person Re-Identification.'	2021	https://doi.org/10.1109/TMM.2020.3042080
b'Yanyuan Qiao, Chaorui Deng, Qi Wu'	b'Referring Expression Comprehension: A Survey of Methods and Datasets.'	2021	https://doi.org/10.1109/TMM.2020.3042066
b'Huaiwen Zhang, Shengsheng Qian, Quan Fang, Changsheng Xu'	b'Multimodal Disentangled Domain Adaption for Social Media Event Rumor Detection.'	2021	https://doi.org/10.1109/TMM.2020.3042055
b'Rania Hassen, Basak G\xc3\xbclecy\xc3\xbcz, Eckehard G. Steinbach'	b'PVC-SLP: Perceptual Vibrotactile-Signal Compression Based-on Sparse Linear Prediction.'	2021	https://doi.org/10.1109/TMM.2020.3042674
b'Xingxu Yao, Sicheng Zhao, Yu-Kun Lai, Dongyu She, Jie Liang, Jufeng Yang'	b'APSE: Attention-Aware Polarity-Sensitive Embedding for Emotion-Based Image Retrieval.'	2021	https://doi.org/10.1109/TMM.2020.3042664
b'Weidong Zhang, Qian Zhang, Wei Zhang, Jianjun Gu, Yibin Li'	b'From Edge to Keypoint: An End-to-End Framework For Indoor Layout Estimation.'	2021	https://doi.org/10.1109/TMM.2020.3042669
b'Liangming Pan, Jingjing Chen, Shaoteng Liu, Chong-Wah Ngo, Min-Yen Kan, Tat-Seng Chua'	b'A Hybrid Approach for Detecting Prerequisite Relations in Multi-Modal Food Recipes.'	2021	https://doi.org/10.1109/TMM.2020.3042706
b'Huisi Wu, Wei Yan, Ping Li, Zhenkun Wen'	b'Deep Texture Exemplar Extraction Based on Trimmed T-CNN.'	2021	https://doi.org/10.1109/TMM.2020.3043130
b'An-An Liu, Yanhui Wang, Ning Xu, Weizhi Nie, Jie Nie, Yongdong Zhang'	b'Adaptively Clustering-Driven Learning for Visual Relationship Detection.'	2021	https://doi.org/10.1109/TMM.2020.3043084
b'Pierre R. Lebreton, Kazuhisa Yamagishi'	b'Predicting User Quitting Ratio in Adaptive Bitrate Video Streaming.'	2021	https://doi.org/10.1109/TMM.2020.3044452
b'Xu Lu, Li Liu, Liqiang Nie, Xiaojun Chang, Huaxiang Zhang'	b'Semantic-Driven Interpretable Deep Multi-Modal Hashing for Large-Scale Multimedia Retrieval.'	2021	https://doi.org/10.1109/TMM.2020.3044473
b'Xiaolin Xiao, Yue-Jiao Gong, Zhongyun Hua, Wei-Neng Chen'	b'On Reliable Multi-View Affinity Learning for Subspace Clustering.'	2021	https://doi.org/10.1109/TMM.2020.3045259
